day,posts
2024-12-07,89
2024-12-08,178
2024-12-09,191
2024-12-10,211
2024-12-11,214
2024-12-12,221
2024-12-13,238
2024-12-14,226
2024-12-15,236
2024-12-16,224
2024-12-17,235
2024-12-18,211
2024-12-19,187
2024-12-20,164
2024-12-21,159
2024-12-22,188
2024-12-23,196
2024-12-24,178
2024-12-25,196
2024-12-26,205
2024-12-27,217
2024-12-28,209
2024-12-29,193
2024-12-30,177
2024-12-31,180
2025-01-01,188
2025-01-02,187
2025-01-03,209
2025-01-04,185
2025-01-05,178
2025-01-06,195
2025-01-07,203
2025-01-08,230
2025-01-09,211
2025-01-10,198
2025-01-11,185
2025-01-12,201
2025-01-13,191
2025-01-14,183
2025-01-15,192
2025-01-16,233
2025-01-17,243
2025-01-18,241
2025-01-19,280
2025-01-20,282
2025-01-21,289
2025-01-22,286
2025-01-23,319
2025-01-24,313
2025-01-25,175
2025-01-26,235
2025-01-27,198
2025-01-28,196
2025-01-29,209
2025-01-30,197
2025-01-31,214
2025-02-01,195
2025-02-02,185
2025-02-03,202
2025-02-04,201
2025-02-05,200
2025-02-06,193
2025-02-07,213
2025-02-08,217
2025-02-09,200
2025-02-10,200
2025-02-11,213
2025-02-12,201
2025-02-13,216
2025-02-14,202
2025-02-15,183
2025-02-16,168
2025-02-17,164
2025-02-18,163
